date,planned_quantity,actual_quantity,good_quantity,scrap_quantity,production_attainment,scrap_rate,planned_production_min,runtime_min,setup_time_min,downtime_min,availability,performance,quality,oee,weighted_cycle_time_sec,actual_units_per_runtime_hour,good_units_per_planned_machine_hour
2025-01-01,14334,13237,12930,307,0.9234686758755407,0.023192566291455767,9450.0,8292.0,482.0,676.0,0.8774603174603175,0.8791212413571314,0.9768074337085443,0.7535033969636977,37.554063231850115,95.78147612156296,82.0952380952381
2025-01-02,16299,14718,14362,356,0.9030001840603717,0.024188069031118357,9450.0,8301.0,518.0,631.0,0.8784126984126984,0.8673742119423362,0.9758119309688816,0.7434833293669367,33.81062685147438,106.38236357065415,91.18730158730159
2025-01-03,12648,11353,11049,304,0.8976122707147375,0.026777063331278075,9450.0,8143.0,469.0,838.0,0.8616931216931217,0.8742208031438046,0.973222936668722,0.7331386219151921,42.99904007751255,83.65221662777846,70.15238095238095
2025-01-04,14334,13186,12853,333,0.919910701827822,0.025254057333535567,9450.0,8366.0,429.0,655.0,0.8852910052910052,0.8743800302812973,0.9747459426664644,0.7545320957158612,38.031087441225544,94.56849151326799,81.60634920634921
2025-01-05,14895,13644,13290,354,0.916012084592145,0.025945470536499562,9450.0,8355.0,457.0,638.0,0.8841269841269841,0.8703323359265909,0.9740545294635005,0.7495196710300784,36.70966212254471,97.98204667863554,84.38095238095238
2025-01-06,15456,14133,13829,304,0.9144021739130435,0.021509941272199816,9450.0,8366.0,421.0,663.0,0.8852910052910052,0.8683761654315086,0.9784900587278001,0.7522295053754263,35.47944427934621,101.36026775041836,87.8031746031746
2025-01-07,13491,12260,11925,335,0.9087539841375732,0.02732463295269168,9450.0,8238.0,491.0,721.0,0.8717460317460317,0.8689795257748645,0.9726753670473083,0.7368302390015278,40.27239575856444,89.29351784413691,75.71428571428571
2025-01-08,15738,14002,13648,354,0.8896937349091372,0.025282102556777604,9450.0,8193.0,537.0,720.0,0.866984126984127,0.865186744782131,0.9747178974432223,0.7311389892146926,35.07553278103128,102.54119370194067,86.65396825396826
2025-01-09,13491,12548,12214,334,0.9301015491809355,0.02661778769525024,9450.0,8422.0,479.0,549.0,0.8912169312169312,0.8727139238502335,0.9733822123047497,0.7570747106701097,40.234734619062806,89.39444312514841,77.54920634920634
2025-01-10,14895,13381,13071,310,0.8983551527358173,0.023167177341005905,9450.0,8329.0,516.0,605.0,0.8813756613756614,0.8619600192099892,0.9768328226589941,0.7421102322293041,37.30910769000822,96.39332452875496,82.99047619047619
2025-01-11,14334,12783,12479,304,0.8917957304311427,0.023781584917468512,9450.0,8185.0,511.0,754.0,0.8661375661375661,0.8600948890246387,0.9762184150825315,0.7272441525830506,38.38666705781115,93.7055589492975,79.23174603174603
2025-01-12,13491,12141,11823,318,0.8999332888592395,0.02619224116629602,9450.0,8212.0,484.0,754.0,0.868994708994709,0.8719065595064135,0.973807758833704,0.7378367923808827,40.540798616258954,88.70677057963955,75.06666666666666
2025-01-13,14895,13763,13381,382,0.9240013427324606,0.027755576545811234,9450.0,8282.0,523.0,645.0,0.8764021164021164,0.8752831441680755,0.9722444234541888,0.7458086972317084,36.073646733996945,99.70780004829751,84.95873015873016
2025-01-14,14334,12793,12463,330,0.8924933724012837,0.025795356835769563,9450.0,8234.0,462.0,754.0,0.8713227513227513,0.8645648125657842,0.9742046431642304,0.7338829621743924,38.57339881185023,93.22079183871752,79.13015873015873
2025-01-15,15738,14250,13869,381,0.9054517727792604,0.02673684210526316,9450.0,8226.0,496.0,728.0,0.8704761904761905,0.8755024718372637,0.9732631578947368,0.7417278006126425,34.59886175438597,103.93873085339169,88.05714285714286
2025-01-16,15456,13615,13308,307,0.8808876811594203,0.022548659566654427,9450.0,8159.0,500.0,791.0,0.8633862433862434,0.8610699840666749,0.9774513404333456,0.7266724940396039,35.91554954094749,100.12256403971075,84.4952380952381
2025-01-17,13491,12278,11954,324,0.9100882069527834,0.026388662648639843,9450.0,8371.0,488.0,591.0,0.8858201058201058,0.8660753394656154,0.9736113373513602,0.7469419112718783,40.868922137155884,88.00382272129971,75.8984126984127
2025-01-18,14895,13717,13408,309,0.9209130580731789,0.022526791572501276,9450.0,8297.0,449.0,704.0,0.877989417989418,0.8713119199710739,0.9774732084274987,0.7477695903549954,36.258025880294525,99.1948897191756,85.13015873015873
2025-01-19,16299,14505,14145,360,0.8899318976624333,0.02481902792140641,9450.0,8206.0,488.0,756.0,0.8683597883597883,0.865788041270615,0.9751809720785936,0.7331561898925567,33.91380151671837,106.05654399220082,89.80952380952381
2025-01-20,14895,13352,12996,356,0.8964081906680094,0.026662672258837627,9450.0,8184.0,493.0,773.0,0.866031746031746,0.8718603372434018,0.9733373277411623,0.7349268467003339,36.741761384062315,97.88856304985337,82.51428571428572
2025-01-21,15738,14347,13982,365,0.9116151988816876,0.025440858716107895,9450.0,8253.0,437.0,760.0,0.8733333333333333,0.8697923987236964,0.9745591412838921,0.7402933429906687,34.48185564926465,104.30388949472918,88.77460317460317
2025-01-22,14334,13204,12862,342,0.9211664573740757,0.025901242047864283,9450.0,8337.0,489.0,624.0,0.8822222222222222,0.8780740474191355,0.9740987579521357,0.7545918735010021,37.84612284156316,95.0269881252249,81.66349206349206
2025-01-23,15738,14215,13824,391,0.903227856144364,0.027506155469574394,9450.0,8255.0,502.0,693.0,0.8735449735449735,0.8678798707853825,0.9724938445304256,0.7372787993903153,34.819314526908194,103.31920048455481,87.77142857142857
2025-01-24,14895,13613,13317,296,0.9139308492782813,0.021743921251744656,9450.0,8397.0,438.0,615.0,0.8885714285714286,0.8675471398515342,0.9782560787482554,0.7541156995511215,36.9818103283626,97.27045373347624,84.55238095238096
2025-01-25,13491,11977,11678,299,0.8877770365428804,0.02496451532103198,9450.0,8187.0,521.0,742.0,0.8663492063492063,0.864566182158707,0.9750354846789681,0.7303173987061327,40.96531301661518,87.77574203004764,74.14603174603175
2025-01-26,16299,14659,14254,405,0.8993803300816001,0.02762807831366396,9450.0,8186.0,538.0,726.0,0.8662433862433863,0.869379021092923,0.972371921686336,0.7322872919261668,33.47725868067399,107.44441729782555,90.5015873015873
2025-01-27,16299,14728,14364,364,0.903613718633045,0.024714828897338403,9450.0,8266.0,468.0,716.0,0.8747089947089947,0.8639559641906605,0.9752851711026616,0.7370328082563823,33.644270505160236,106.90539559641905,91.2
2025-01-28,13491,12431,12080,351,0.9214291008820695,0.028235861958008205,9450.0,8296.0,432.0,722.0,0.8778835978835979,0.8803841208614593,0.9717641380419918,0.7510519939554879,39.99272455956881,89.9059787849566,76.6984126984127
2025-01-29,15456,13931,13598,333,0.9013328157349897,0.02390352451367454,9450.0,8269.0,490.0,691.0,0.875026455026455,0.8685427500302334,0.9760964754863255,0.7418312555569608,35.58795470533343,101.08356512274761,86.33650793650794
2025-01-30,13491,12464,12136,328,0.9238751760432882,0.02631578947368421,9450.0,8285.0,438.0,727.0,0.8767195767195767,0.8840197143431906,0.9736842105263158,0.754641668987283,39.840953225288835,90.26433313216656,77.05396825396825
2025-01-31,15177,13928,13554,374,0.9177044211636028,0.0268523836875359,9450.0,8317.0,482.0,651.0,0.8801058201058201,0.8775279547913911,0.973147616312464,0.7515788955444326,35.804474296381386,100.47853793435132,86.05714285714286
2025-02-01,14895,13470,13124,346,0.904330312185297,0.02568671121009651,9450.0,8382.0,482.0,586.0,0.886984126984127,0.8602131551737852,0.9743132887899035,0.7433965715961659,37.30079532293986,96.42090193271297,83.32698412698413
2025-02-02,15738,14515,14174,341,0.9222899987291905,0.02349293833964864,9450.0,8383.0,424.0,643.0,0.887089947089947,0.8739687462722174,0.9765070616603514,0.7570750748268074,34.62106186703411,103.88882261720148,89.99365079365079
2025-02-03,16299,14907,14555,352,0.9145959874838947,0.023613067686321862,9450.0,8294.0,531.0,625.0,0.8776719576719577,0.8721859175307453,0.9763869323136781,0.7474174807971684,33.355301066613,107.83940197733303,92.41269841269842
2025-02-04,14895,13851,13487,364,0.9299093655589123,0.026279690997039924,9450.0,8479.0,422.0,549.0,0.8972486772486773,0.8735833628179424,0.97372030900296,0.7632229294977014,36.69435167135947,98.0139167354641,85.63174603174603
2025-02-05,12648,11508,11224,284,0.9098671726755219,0.024678484532499132,9450.0,8301.0,470.0,679.0,0.8784126984126984,0.8794506685941452,0.9753215154675009,0.7534559963807096,43.2307506082725,83.18033971810625,71.26349206349207
2025-02-06,15177,13799,13436,363,0.9092047176648876,0.026306254076382346,9450.0,8240.0,469.0,741.0,0.8719576719576719,0.8769822006472493,0.9736937459236177,0.7445751928704801,35.80050800782665,100.47815533980582,85.3079365079365
2025-02-07,14052,12589,12321,268,0.895886706518645,0.021288426404003497,9450.0,8272.0,474.0,704.0,0.8753439153439153,0.8614234767891682,0.9787115735959965,0.7379894355994839,39.3848868059417,91.31286266924565,78.22857142857143
2025-02-08,13491,12343,12036,307,0.9149062337854866,0.024872397310216315,9450.0,8235.0,443.0,772.0,0.8714285714285714,0.8912653309046752,0.9751276026897837,0.7573563279231593,39.99248796888925,89.93078324225866,76.41904761904762
2025-02-09,15456,14148,13829,319,0.9153726708074534,0.022547356516822166,9450.0,8328.0,449.0,673.0,0.8812698412698413,0.869883525456292,0.9774526434831778,0.7493172651770474,35.29005619168787,101.93083573487031,87.8031746031746
2025-02-10,14895,13297,12964,333,0.892715676401477,0.02504324283673009,9450.0,8137.0,506.0,807.0,0.8610582010582011,0.8780832411617713,0.9749567571632699,0.7371460615362047,36.68559314131007,98.04842079390438,82.31111111111112
2025-02-11,13491,12115,11789,326,0.8980060781261582,0.026908790755262074,9450.0,8216.0,475.0,759.0,0.8694179894179894,0.8727219246997728,0.9730912092447379,0.738342823223357,40.64892488650434,88.47370983446933,74.85079365079365
2025-02-12,16860,14950,14551,399,0.8867141162514828,0.02668896321070234,9450.0,8138.0,475.0,837.0,0.8611640211640211,0.860345293683952,0.9733110367892976,0.7211246022190371,32.63344280936455,110.22364217252397,92.3873015873016
2025-02-13,14334,12996,12699,297,0.9066555043951444,0.022853185595567867,9450.0,8194.0,482.0,774.0,0.8670899470899471,0.8797701570254658,0.9771468144044322,0.745406538031238,37.80080170821792,95.16231388821089,80.62857142857143
2025-02-14,16299,14440,14085,355,0.8859439229400576,0.02458448753462604,9450.0,8103.0,530.0,817.0,0.8574603174603175,0.8662548850220083,0.975415512465374,0.7245183430066394,33.639141897506924,106.92336171788226,89.42857142857143
2025-02-15,12648,11672,11417,255,0.9228336495888678,0.02184715558601782,9450.0,8420.0,418.0,612.0,0.891005291005291,0.871251781472684,0.9781528444139822,0.7593302198360115,43.239495116518164,83.17339667458431,72.4888888888889
2025-02-16,14052,12622,12309,313,0.8982351266723598,0.024797971795278085,9450.0,8267.0,474.0,709.0,0.8748148148148148,0.8643480101608807,0.9752020282047219,0.7373935958379549,39.25624742513073,91.60759646788436,78.15238095238095
2025-02-17,15738,14600,14212,388,0.9276909391282246,0.026575342465753424,9450.0,8377.0,463.0,610.0,0.8864550264550265,0.8767235685010545,0.9734246575342466,0.7565222953782224,34.3994204109589,104.57204249731407,90.23492063492064
2025-02-18,14052,12970,12638,332,0.9230002846569884,0.025597532767925982,9450.0,8377.0,455.0,618.0,0.8864550264550265,0.8732362420914408,0.974402467232074,0.7542699987353804,38.71148951426368,92.89721857466873,80.24126984126984
2025-02-19,13491,12530,12190,340,0.9287673263657253,0.02713487629688747,9450.0,8442.0,419.0,589.0,0.8933333333333333,0.8695167022032694,0.9728651237031125,0.7556907434854762,40.39089896249002,89.05472636815921,77.39682539682539
2025-02-20,14052,12814,12498,316,0.9118986621121549,0.02466052754799438,9450.0,8269.0,467.0,714.0,0.875026455026455,0.8732579513846899,0.9753394724520056,0.7452801132689691,38.67683010769471,92.97859475148144,79.35238095238095
2025-02-21,14895,13191,12877,314,0.8855991943605237,0.02380410886210295,9450.0,8220.0,473.0,757.0,0.8698412698412699,0.8608925385239254,0.9761958911378971,0.7310143933848329,37.3555189902206,96.28467153284672,81.75873015873016
2025-02-22,14334,13002,12618,384,0.907074089577229,0.029533917858790955,9450.0,8359.0,490.0,601.0,0.8845502645502645,0.8701599074849465,0.970466082141209,0.7469679145821279,38.53794393170281,93.3269529848068,80.11428571428571
2025-02-23,15456,13963,13608,355,0.9034032091097308,0.02542433574446752,9450.0,8222.0,487.0,741.0,0.8700529100529101,0.8770049866212601,0.9745756642555324,0.743640936761441,35.29834111580606,101.89491607881294,86.4
2025-02-24,13491,12310,11988,322,0.912460158624268,0.026157595450852965,9450.0,8209.0,469.0,772.0,0.8686772486772487,0.8861806147724042,0.9738424045491471,0.7496686921202275,39.97909618196588,89.97441832135462,76.11428571428571
2025-02-25,14895,13536,13175,361,0.908761329305136,0.026669621749408984,9450.0,8341.0,505.0,604.0,0.8826455026455027,0.8677442752667546,0.973330378250591,0.7454840364944901,36.95000591016548,97.36961994964632,83.65079365079364
2025-02-26,15738,14434,14040,394,0.9171432202312874,0.027296660662325067,9450.0,8453.0,453.0,544.0,0.8944973544973545,0.8583780906187153,0.9727033393376749,0.7468580929947148,35.10860260496051,102.45356678102449,89.14285714285714
2025-02-27,14052,12895,12533,362,0.9176629661258184,0.02807289647150058,9450.0,8338.0,471.0,641.0,0.8823280423280423,0.8728573998560806,0.9719271035284994,0.748526316176033,38.75893028305545,92.79203645958263,79.57460317460317
2025-02-28,14334,13246,12897,349,0.9240965536486675,0.026347576626906236,9450.0,8264.0,468.0,718.0,0.8744973544973546,0.8875826879638592,0.9736524233730938,0.7557380209419315,37.392841386078814,96.17134559535334,81.88571428571429
2025-03-01,14334,12942,12551,391,0.9028882377563834,0.030211713800030907,9450.0,8340.0,464.0,646.0,0.8825396825396825,0.8591802557953636,0.969788286199969,0.7353523158402826,38.62093818575181,93.10791366906474,79.68888888888888
2025-03-02,16299,14756,14339,417,0.9053316154365298,0.02825969097316346,9450.0,8164.0,481.0,805.0,0.863915343915344,0.8815535685121673,0.9717403090268365,0.7400654225609001,33.16704398210898,108.44683978441941,91.04126984126984
2025-03-03,13491,12214,11929,285,0.905344303609814,0.023333879155067953,9450.0,8296.0,427.0,727.0,0.8778835978835979,0.8656497107039537,0.9766661208449321,0.742207341822161,40.7072719010971,88.33654773384762,75.73968253968253
2025-03-04,15456,13942,13600,342,0.902044513457557,0.02453019652847511,9450.0,8405.0,489.0,556.0,0.8894179894179894,0.8512540154669839,0.9754698034715249,0.7385483169502678,36.13538760579544,99.5264723378941,86.34920634920636
2025-03-05,14052,12773,12419,354,0.908980927981782,0.027714710717920615,9450.0,8251.0,447.0,752.0,0.8731216931216931,0.8763131741607076,0.9722852892820794,0.7439227399727515,38.717217724888435,92.88328687431826,78.85079365079365
2025-03-06,13491,12413,12136,277,0.9200948780668594,0.02231531458954322,9450.0,8296.0,487.0,667.0,0.8778835978835979,0.8734193185470909,0.9776846854104568,0.7496499921925739,40.06217465560299,89.77579556412728,77.05396825396825
2025-03-07,14052,12830,12536,294,0.9130372900654711,0.022915042868277474,9450.0,8277.0,505.0,668.0,0.8758730158730159,0.8636287302162621,0.9770849571317225,0.7390954952636638,38.676827201870616,93.00471185212034,79.5936507936508
2025-03-08,14052,12573,12263,310,0.8947480785653288,0.024656008907977412,9450.0,8281.0,511.0,658.0,0.8762962962962964,0.8646938775510205,0.9753439910920226,0.7390454929665778,39.478924282192,91.09769351527592,77.86031746031746
2025-03-09,13491,12229,11959,270,0.9064561559558224,0.022078665467331754,9450.0,8248.0,515.0,687.0,0.8728042328042328,0.8702348043970254,0.9779213345326683,0.7427748892208836,40.418468313026416,88.95974781765277,75.93015873015872
2025-03-10,15738,14318,13974,344,0.9097725250984877,0.024025701913675094,9450.0,8331.0,430.0,689.0,0.8815873015873016,0.8676535429920377,0.9759742980863249,0.7465347896716382,34.88390648135214,103.11847317248831,88.72380952380952
2025-03-11,16299,14674,14316,358,0.9003006319406098,0.02439689246285948,9450.0,8262.0,450.0,738.0,0.8742857142857143,0.8663612523198579,0.9756031075371405,0.7389679068113851,33.74676611694153,106.56499636891795,90.8952380952381
2025-03-12,15177,13811,13483,328,0.9099953877577914,0.023749185431902107,9450.0,8417.0,398.0,635.0,0.8906878306878306,0.8511781711615382,0.9762508145680979,0.7401289729309906,36.54133726739555,98.45075442556731,85.60634920634921
2025-03-13,14895,13712,13363,349,0.9205773749580396,0.02545215869311552,9450.0,8338.0,458.0,654.0,0.8823280423280423,0.8757062045254658,0.9745478413068844,0.7529942725665183,36.445427071178536,98.67114415927081,84.84444444444445
2025-03-14,15456,14027,13704,323,0.9075439958592133,0.02302701931988308,9450.0,8220.0,497.0,733.0,0.8698412698412699,0.8813327250608272,0.976972980680117,0.7489666129154544,35.13615142225707,102.38686131386861,87.00952380952381
2025-03-15,16299,14928,14564,364,0.9158844100865083,0.024383708467309754,9450.0,8288.0,461.0,701.0,0.8770370370370371,0.8762236566924066,0.9756162915326902,0.749742192742684,33.28508969721329,108.06949806949808,92.46984126984127
2025-03-16,16299,15101,14694,407,0.9264985581937543,0.026951857492881266,9450.0,8353.0,438.0,659.0,0.8839153439153439,0.8791715551298934,0.9730481425071187,0.7561685825494578,33.159917157804124,108.4712079492398,93.29523809523809
2025-03-17,15738,14550,14184,366,0.9245139153640869,0.02515463917525773,9450.0,8327.0,490.0,633.0,0.8811640211640211,0.880462351387054,0.9748453608247423,0.7563159783996071,34.30303264604811,104.8396781553981,90.05714285714286
2025-03-18,14052,12789,12471,318,0.9101195559350982,0.024865118461177574,9450.0,8204.0,461.0,785.0,0.8681481481481481,0.8725798391028767,0.9751348815388224,0.7386925337622734,38.45300070372978,93.53242320819113,79.18095238095238
2025-03-19,14052,12725,12407,318,0.9055650441218331,0.024990176817288802,9450.0,8295.0,504.0,651.0,0.8777777777777778,0.8653351416515974,0.9750098231827112,0.7405901201442814,39.079599528487236,92.04339963833635,78.77460317460317
2025-03-20,15738,14022,13640,382,0.8909645444147922,0.02724290400798745,9450.0,8163.0,514.0,773.0,0.8638095238095238,0.8690054718445016,0.9727570959920125,0.730205175188297,34.89889552132363,103.06504961411245,86.60317460317461
2025-03-21,14334,13349,13016,333,0.9312822659411191,0.02494568881564162,9450.0,8315.0,477.0,658.0,0.8798941798941798,0.8802377229905793,0.9750543111843584,0.7551952130320947,37.33473975578695,96.32471437161755,82.64126984126985
2025-03-22,16860,15049,14654,395,0.8925860023724792,0.026247591202073227,9450.0,8203.0,482.0,765.0,0.8680423280423281,0.8684054614165548,0.9737524087979268,0.7340269308618301,32.68019861784837,110.07436303791296,93.04126984126984
2025-03-23,14895,13418,13031,387,0.9008392077878483,0.028841854225667013,9450.0,8370.0,423.0,657.0,0.8857142857142857,0.8540111509358821,0.971158145774333,0.7345936131490958,37.39164540169922,96.18637992831542,82.73650793650793
2025-03-24,16860,15373,15002,371,0.911803084223013,0.02413322058153906,9450.0,8270.0,441.0,739.0,0.8751322751322751,0.8754286577992746,0.9758667794184609,0.7476270296613625,32.25126858778378,111.53325272067714,95.25079365079365
2025-03-25,14895,13667,13327,340,0.9175562269217858,0.024877442013609426,9450.0,8370.0,427.0,653.0,0.8857142857142857,0.8748546395858223,0.9751225579863906,0.7555944375598529,36.715175020121464,97.97132616487455,84.61587301587302
2025-03-26,14895,13512,13194,318,0.9071500503524673,0.023534635879218474,9450.0,8241.0,472.0,737.0,0.8720634920634921,0.8687224446871336,0.9764653641207816,0.739751732733749,36.55825651272943,98.37641062977795,83.77142857142857
2025-03-27,14895,13592,13277,315,0.9125209801946962,0.023175397292525015,9450.0,8173.0,462.0,815.0,0.8648677248677249,0.8823237081447041,0.976824602707475,0.7454083077061618,36.0445599617422,99.78220971491496,84.2984126984127
2025-03-28,14895,13216,12893,323,0.8872776099362202,0.02444007263922518,9450.0,8199.0,528.0,723.0,0.8676190476190476,0.8569786965890148,0.9755599273607748,0.7253590879234618,37.19296239406779,96.71423344310281,81.86031746031746
2025-03-29,15738,14218,13870,348,0.9034184775702122,0.024476016317344213,9450.0,8144.0,518.0,788.0,0.8617989417989418,0.8792100523903077,0.9755239836826558,0.7391567590874571,34.32869777746519,104.74950884086445,88.06349206349206
2025-03-30,14895,13377,13054,323,0.898086606243706,0.02414592210510578,9450.0,8185.0,539.0,726.0,0.8661375661375661,0.8745349216045613,0.9758540778948942,0.7391777960776341,36.67378440607012,98.05986560781919,82.88253968253969
2025-03-31,14334,13200,12890,310,0.9208874005860193,0.023484848484848483,9450.0,8391.0,434.0,625.0,0.8879365079365079,0.8676915743058038,0.9765151515151516,0.7523610068943402,38.10935689393939,94.38684304612084,81.84126984126983
2025-04-01,15738,14117,13771,346,0.8970008895666539,0.024509456683431324,9450.0,8197.0,530.0,723.0,0.8674074074074074,0.8711052824203978,0.9754905433165687,0.737083751325375,34.80837755897146,103.33292668049286,87.43492063492063
2025-04-02,16860,15541,15183,358,0.921767497034401,0.023035840679492953,9450.0,8299.0,537.0,614.0,0.8782010582010582,0.8755524762019521,0.9769641593205071,0.7511985972588636,32.015311241232865,112.35811543559466,96.4
2025-04-03,16860,15580,15173,407,0.9240806642941874,0.02612323491655969,9450.0,8355.0,462.0,633.0,0.8841269841269841,0.882249551166966,0.9738767650834403,0.7596439726348393,32.14562670089859,111.8850987432675,96.33650793650794
2025-04-04,15456,13937,13606,331,0.9017210144927537,0.023749730932051374,9450.0,8234.0,463.0,753.0,0.8713227513227513,0.8730519795967938,0.9762502690679487,0.7426433938361325,35.40998163162804,101.55695895069226,86.3873015873016
2025-04-05,14895,13697,13358,339,0.9195703256126216,0.024749945243483975,9450.0,8395.0,437.0,618.0,0.8883597883597883,0.8722312884653565,0.975250054756516,0.7556775789803997,36.73464211141126,97.89398451459202,84.81269841269841
2025-04-06,14895,13589,13260,329,0.9123195703256126,0.024210758701891235,9450.0,8275.0,531.0,644.0,0.8756613756613757,0.8682998992950655,0.9757892412981087,0.7419283563074864,36.49716535433071,98.53051359516617,84.19047619047619
2025-04-07,15738,14587,14204,383,0.9268649129495489,0.026256255570028107,9450.0,8362.0,494.0,594.0,0.8848677248677249,0.8729530415371123,0.9737437444299719,0.7521663804196653,34.3614948241585,104.6663477636929,90.18412698412699
2025-04-08,15738,14443,14080,363,0.9177150845088321,0.02513328255902513,9450.0,8265.0,478.0,707.0,0.8746031746031746,0.8794619883040934,0.9748667174409749,0.7498482224290803,34.307523783147545,104.84936479128856,89.39682539682539
2025-04-09,15456,13829,13516,313,0.8947334368530021,0.022633596066237615,9450.0,8228.0,533.0,689.0,0.8706878306878307,0.8668777345649004,0.9773664039337624,0.7376965109361089,35.66603528816256,100.84346135148274,85.81587301587301
2025-04-10,14334,13136,12840,296,0.9164224919771173,0.02253349573690621,9450.0,8303.0,512.0,635.0,0.8786243386243386,0.8817684371110844,0.9774665042630938,0.7572855370595932,37.89290073081607,94.92472600264965,81.52380952380952
2025-04-11,15456,14250,13910,340,0.921972049689441,0.023859649122807018,9450.0,8310.0,518.0,622.0,0.8793650793650793,0.8752527075812275,0.976140350877193,0.7513026900584796,34.958168561403504,102.88808664259928,88.31746031746032
2025-04-12,14052,12692,12368,324,0.9032166239681184,0.02552789158525055,9450.0,8337.0,487.0,626.0,0.8822222222222222,0.8574085402422933,0.9744721084147494,0.7371149357091996,39.37389733690514,91.34220942785176,78.52698412698413
2025-04-13,14895,13538,13178,360,0.9088956025511917,0.0265918156300783,9450.0,8254.0,505.0,691.0,0.8734391534391535,0.8721242225991437,0.9734081843699217,0.7414911951283251,36.54201588122323,98.4104676520475,83.66984126984127
2025-04-14,16299,14478,14055,423,0.8882753543162157,0.029216742644011605,9450.0,8289.0,463.0,698.0,0.8771428571428571,0.8505517352314312,0.9707832573559884,0.7242580711767754,34.32823642768338,104.79913137893594,89.23809523809524
2025-04-15,14895,13091,12753,338,0.8788855320577375,0.025819265143992055,9450.0,8300.0,436.0,714.0,0.8783068783068783,0.8503038152610443,0.974180734856008,0.7275451474598447,38.01482423038729,94.63373493975902,80.97142857142858
2025-04-16,15456,14161,13782,379,0.916213768115942,0.02676364663512464,9450.0,8354.0,432.0,664.0,0.884021164021164,0.8736246109648071,0.9732363533648754,0.7516330104030406,35.36508841183532,101.70696672252814,87.5047619047619
2025-04-17,15456,14137,13797,340,0.9146609730848861,0.02405036429228266,9450.0,8322.0,510.0,618.0,0.8806349206349207,0.8769298245614034,0.9759496357077173,0.7536820117422366,35.29315540779514,101.92501802451335,87.6
2025-04-18,12648,11397,11055,342,0.9010910815939279,0.030007896814951304,9450.0,8291.0,499.0,660.0,0.8773544973544973,0.8703461584851043,0.9699921031850487,0.7406880228854432,43.60058611915416,82.47738511639126,70.19047619047619
2025-04-19,14052,12369,12057,312,0.8802305721605466,0.025224351200582102,9450.0,8210.0,466.0,774.0,0.8687830687830688,0.8505602923264313,0.9747756487994179,0.7203127865747319,39.78071072843399,90.394640682095,76.55238095238096
2025-04-20,14895,13760,13392,368,0.923799932863377,0.026744186046511628,9450.0,8325.0,465.0,660.0,0.8809523809523809,0.8790936936936937,0.9732558139534884,0.7537279235880399,36.27120675872093,99.17117117117117,85.02857142857142
2025-04-21,14895,13377,13043,334,0.898086606243706,0.024968229049861703,9450.0,8200.0,447.0,803.0,0.8677248677248677,0.873371138211382,0.9750317709501383,0.7389237864775926,36.74318187934514,97.88048780487806,82.81269841269841
2025-04-22,14895,13232,12904,328,0.888351795904666,0.024788391777509067,9450.0,8208.0,530.0,712.0,0.8685714285714285,0.861973075048733,0.975211608222491,0.730126483496798,37.17976330108827,96.7251461988304,81.93015873015872
2025-04-23,16299,14827,14487,340,0.9096877109025093,0.022931139138058946,9450.0,8210.0,521.0,719.0,0.8687830687830688,0.8775259845716606,0.977068860861941,0.7448974824278459,33.19461273352667,108.35809987819731,91.98095238095237
2025-04-24,15456,14415,14051,364,0.9326475155279503,0.025251474158862298,9450.0,8450.0,505.0,495.0,0.8941798941798942,0.8754431952662721,0.9747485258411377,0.7630367562081679,35.14181748178981,102.3550295857988,89.21269841269842
2025-04-25,14895,13531,13145,386,0.9084256461899967,0.02852708595077969,9450.0,8405.0,406.0,639.0,0.8894179894179894,0.8698703152885187,0.9714729140492203,0.7516075193197357,37.23582580740521,96.59250446162997,83.46031746031746
2025-04-26,14334,12872,12571,301,0.898004743965397,0.023384089496581727,9450.0,8211.0,474.0,765.0,0.8688888888888889,0.8679417854098161,0.9766159105034182,0.7365099799902007,38.24028736793039,94.05918889294848,79.81587301587301
2025-04-27,12648,11736,11425,311,0.9278937381404174,0.026499659168370826,9450.0,8373.0,452.0,625.0,0.8860317460317461,0.8810342768422309,0.9735003408316292,0.7599380597122587,42.765826772324466,84.0988892869939,72.53968253968254
2025-04-28,14895,13633,13228,405,0.9152735817388385,0.029707327807525857,9450.0,8263.0,487.0,700.0,0.8743915343915344,0.8706077292347413,0.9702926721924742,0.7386372646722583,36.328077825863716,98.99310177901488,83.98730158730159
2025-04-29,16299,14994,14617,377,0.9199337382661513,0.025143390689609177,9450.0,8395.0,460.0,595.0,0.8883597883597883,0.8667641453245978,0.9748566093103909,0.7506380417775574,33.565836067760436,107.16378796902919,92.80634920634921
2025-04-30,14895,13554,13222,332,0.9099697885196375,0.0244946141360484,9450.0,8212.0,441.0,797.0,0.868994708994709,0.883119418736808,0.9755053858639516,0.748628296039176,36.31370650730411,99.03068679980515,83.94920634920635
2025-05-01,16299,14786,14418,368,0.9071722191545494,0.0248884079534695,9450.0,8352.0,474.0,624.0,0.8838095238095238,0.8606250000000001,0.9751115920465305,0.7416977372417926,33.86137833085352,106.2212643678161,91.54285714285714
2025-05-02,14895,13260,12943,317,0.8902316213494461,0.023906485671191552,9450.0,8233.0,474.0,743.0,0.8712169312169312,0.8653730920280174,0.9760935143288084,0.7359039280859543,37.222076168929114,96.63549131543787,82.17777777777778
2025-05-03,14895,13605,13278,327,0.9133937562940584,0.024035281146637267,9450.0,8312.0,460.0,678.0,0.8795767195767196,0.8764015880654477,0.9759647188533628,0.7523345385391693,36.625229400955526,98.20741097208855,84.3047619047619
2025-05-04,15456,13981,13671,310,0.9045678053830227,0.022172949002217297,9450.0,8247.0,501.0,702.0,0.8726984126984128,0.8655177640354068,0.9778270509977827,0.7385879526977088,35.35843029826192,101.71698799563478,86.8
2025-05-05,14052,12913,12577,336,0.9189439225732992,0.026020289630604817,9450.0,8288.0,455.0,707.0,0.8770370370370371,0.8771531129343628,0.9739797103693952,0.749278468521735,38.479004801362976,93.48214285714286,79.85396825396825
2025-05-06,16299,14691,14300,391,0.9013436407141543,0.02661493431352529,9450.0,8273.0,494.0,683.0,0.8754497354497355,0.8606366090495184,0.9733850656864748,0.7333912267009628,33.76101606425703,106.54659736492204,90.7936507936508
2025-05-07,14895,13545,13201,344,0.9093655589123867,0.025396825396825397,9450.0,8333.0,419.0,698.0,0.8817989417989418,0.862852514100564,0.9746031746031746,0.7415389434786259,36.88213045404208,97.52790111604465,83.81587301587301
2025-05-08,15456,14065,13719,346,0.9100025879917184,0.02460007109847138,9450.0,8271.0,481.0,698.0,0.8752380952380953,0.8744758795792528,0.9753999289015286,0.7465463335195436,35.25412648418059,102.03119332607908,87.1047619047619
2025-05-09,16860,15391,15020,371,0.912870699881376,0.02410499642648301,9450.0,8325.0,409.0,716.0,0.8809523809523809,0.8652900900900901,0.975895003573517,0.7439046237081451,32.42952030407382,110.92612612612612,95.36507936507937
2025-05-10,13491,12361,12039,322,0.9162404566006968,0.026049672356605453,9450.0,8276.0,454.0,720.0,0.8757671957671957,0.8825430965039472,0.9739503276433945,0.7527684412786589,40.12560351104279,89.61575640405994,76.43809523809524
2025-05-11,16299,15237,14856,381,0.9348426283821093,0.025004922228785195,9450.0,8471.0,433.0,546.0,0.8964021164021164,0.8674524849486482,0.9749950777712149,0.7581427598441971,33.327371661088144,107.92350371856924,94.32380952380953
2025-05-12,14895,13511,13138,373,0.9070829137294394,0.02760713492709644,9450.0,8294.0,450.0,706.0,0.8776719576719577,0.8649045494735151,0.9723928650729036,0.7381458248468784,36.79726541336689,97.74053532674223,83.41587301587302
2025-05-13,15177,13773,13411,362,0.9074915991302629,0.02628330792129529,9450.0,8358.0,440.0,652.0,0.8844444444444445,0.8641421392677673,0.9737166920787047,0.7441977575172957,36.37575807739781,98.872936109117,85.14920634920635
2025-05-14,14334,12769,12467,302,0.8908190316729454,0.023651029837888637,9450.0,8210.0,542.0,698.0,0.8687830687830688,0.8582789281364189,0.9763489701621114,0.7280226166961072,38.54496381862323,93.31790499390986,79.15555555555555
2025-05-15,14895,13409,13060,349,0.9002349781805975,0.026027295100305766,9450.0,8415.0,408.0,627.0,0.8904761904761904,0.8578393741334919,0.9739727048996942,0.744003663600601,37.61852673577447,95.6078431372549,82.92063492063492
2025-05-16,12648,11518,11246,272,0.9106578115117014,0.023615210974127453,9450.0,8281.0,461.0,708.0,0.8762962962962964,0.8738268325081512,0.9763847890258726,0.7476483126939109,43.08958048272269,83.45368916797487,71.4031746031746
2025-05-17,13491,12220,11905,315,0.9057890445482173,0.025777414075286414,9450.0,8304.0,493.0,653.0,0.8787301587301587,0.8685757867694284,0.9742225859247136,0.7435692890770905,40.72557626841244,88.29479768786126,75.58730158730158
2025-05-18,14334,13001,12679,322,0.9070043253802149,0.024767325590339204,9450.0,8324.0,446.0,680.0,0.8808465608465609,0.8689243953227616,0.9752326744096608,0.7464324250732579,38.3866616414122,93.71215761653052,80.5015873015873
2025-05-19,14895,13372,13037,335,0.8977509231285666,0.02505234819024828,9450.0,8211.0,489.0,750.0,0.8688888888888889,0.87282750781472,0.9749476518097517,0.7393906700199051,36.81351981752916,97.71282426013885,82.77460317460317
2025-05-20,16299,14828,14423,405,0.9097490643597766,0.027313191259778796,9450.0,8310.0,476.0,664.0,0.8793650793650793,0.8710906538307261,0.9726868087402212,0.7450846143836748,33.60518519018074,107.06137184115524,91.57460317460317
2025-05-21,14895,13797,13434,363,0.9262839879154079,0.026310067405957815,9450.0,8407.0,496.0,547.0,0.8896296296296297,0.8766244399508344,0.9736899325940421,0.7593526152644944,36.532891353192724,98.46794338051623,85.29523809523809
2025-05-22,15177,13637,13280,357,0.8985306714106872,0.02617877832367823,9450.0,8140.0,463.0,847.0,0.8613756613756614,0.8750757575757576,0.9738212216763218,0.7340362089392913,35.7824359463225,100.51842751842753,84.31746031746032
2025-05-23,13491,12112,11785,327,0.8977837076569565,0.026998018494055483,9450.0,8292.0,487.0,671.0,0.8774603174603175,0.8651322559897089,0.9730019815059445,0.7386245091375265,41.03885823976222,87.6410998552822,74.82539682539682
2025-05-24,12648,11532,11214,318,0.9117647058823529,0.027575442247658687,9450.0,8213.0,493.0,744.0,0.8691005291005292,0.8729842931937174,0.9724245577523413,0.7377893166840098,42.688014134582026,84.246925605747,71.2
2025-05-25,15177,13970,13618,352,0.9204717664887659,0.025196850393700787,9450.0,8501.0,438.0,511.0,0.8995767195767196,0.8625004901384151,0.9748031496062992,0.7563354941743393,36.4819438797423,98.60016468650747,86.46349206349207
2025-05-26,14334,12985,12673,312,0.9058880982279894,0.024027724297266077,9450.0,8279.0,471.0,700.0,0.8760846560846561,0.8646221363288642,0.9759722757027339,0.7392816138007564,38.210269464767045,94.1055683053509,80.46349206349207
2025-05-27,13491,12185,11868,317,0.903194722407531,0.026015592942141976,9450.0,8296.0,502.0,652.0,0.8778835978835979,0.8611041465766635,0.973984407057858,0.7362827395118902,40.81082371768567,88.12680810028928,75.35238095238095
2025-05-28,14334,12791,12487,304,0.8923538440072555,0.02376671096864983,9450.0,8191.0,520.0,739.0,0.8667724867724867,0.8684918406380988,0.9762332890313502,0.7348936129170409,38.384583926198104,93.69551947259185,79.28253968253968
2025-05-29,16299,14794,14429,365,0.907663046812688,0.024672164390969312,9450.0,8449.0,441.0,560.0,0.894074074074074,0.8563153430386239,0.9753278356090307,0.7467201077633122,34.240096998783294,105.0585868150077,91.6126984126984
2025-05-30,14052,12469,12123,346,0.8873469968687732,0.027748817066324486,9450.0,8215.0,482.0,753.0,0.8693121693121693,0.860592209373098,0.9722511829336755,0.7273637443717562,39.49090047317347,91.06999391357274,76.97142857142858
2025-05-31,14334,12854,12532,322,0.8967489884191433,0.025050567916601835,9450.0,8231.0,530.0,689.0,0.871005291005291,0.8696816911675372,0.9749494320833981,0.7385216155718722,38.3776324101447,93.6994289879723,79.56825396825397
2025-06-01,15738,14112,13741,371,0.8966831871902402,0.02628968253968254,9450.0,8164.0,480.0,806.0,0.863915343915344,0.8680558958027113,0.9737103174603174,0.7302114700561296,34.680252409297054,103.71386575208231,87.24444444444444
2025-06-02,14895,13436,13060,376,0.9020476670023497,0.027984519202143496,9450.0,8200.0,553.0,697.0,0.8677248677248677,0.878141869918699,0.9720154807978565,0.7406617390012247,36.58275320035725,98.31219512195122,82.92063492063492
2025-06-03,16299,14551,14185,366,0.8927541566967299,0.025152910452889837,9450.0,8175.0,417.0,858.0,0.8650793650793651,0.8639474006116208,0.9748470895471102,0.7285842093799623,33.68093842347604,106.79633027522935,90.06349206349206
2025-06-04,13491,12103,11792,311,0.8971165962493515,0.02569610840287532,9450.0,8189.0,539.0,722.0,0.8665608465608465,0.8731717344405096,0.9743038915971247,0.7372133115508697,40.54960761794596,88.67749419953597,74.86984126984127
2025-06-05,13491,12109,11791,318,0.8975613371877548,0.0262614584193575,9450.0,8226.0,530.0,694.0,0.8704761904761905,0.8635622821946674,0.9737385415806425,0.7319693940825277,40.71388248410274,88.32239241429613,74.86349206349206
2025-06-06,15456,14099,13776,323,0.9122023809523809,0.022909426200439748,9450.0,8247.0,510.0,693.0,0.8726984126984128,0.8677870740875471,0.9770905737995602,0.739966717891734,35.058484431519965,102.57548199345217,87.46666666666667
2025-06-07,16860,15346,14963,383,0.9102016607354686,0.024957643685650985,9450.0,8345.0,447.0,658.0,0.8830687830687831,0.8698490113840623,0.975042356314349,0.7489656306694884,32.5962625439854,110.336728579988,95.0031746031746
2025-06-08,15738,14170,13805,365,0.90036853475664,0.025758645024700072,9450.0,8211.0,457.0,782.0,0.8688888888888889,0.8677838671700564,0.9742413549753,0.7345855419017498,34.74009781227946,103.54402630617464,87.65079365079364
2025-06-09,14334,13176,12811,365,0.9192130598576811,0.02770188221007893,9450.0,8318.0,425.0,707.0,0.8802116402116402,0.8825190350244451,0.972298117789921,0.7552846075222012,37.83496106557377,95.04207742245733,81.33968253968254
2025-06-10,14895,13739,13385,354,0.9223900637797918,0.025766067399374044,9450.0,8242.0,437.0,771.0,0.8721693121693121,0.889077287066246,0.974233932600626,0.7554462492552965,35.96838547201397,100.01698616840572,84.98412698412699
2025-06-11,15456,13937,13551,386,0.9017210144927537,0.027696060845232115,9450.0,8326.0,452.0,672.0,0.8810582010582011,0.8574063175594522,0.9723039391547679,0.7345025746243582,35.80580469254502,100.43478260869564,86.03809523809524
2025-06-12,13491,12168,11888,280,0.9019346230820547,0.023011176857330704,9450.0,8166.0,550.0,734.0,0.8641269841269841,0.8753265572699813,0.9769888231426693,0.7389877981046074,40.22714077909271,89.40484937545922,75.47936507936508
2025-06-13,16299,14999,14614,385,0.9202405055524879,0.025668377891859457,9450.0,8297.0,429.0,724.0,0.877989417989418,0.8766204652283958,0.9743316221081405,0.7499074786996381,33.164594439629305,108.46571049777027,92.78730158730158
2025-06-14,15456,13920,13604,316,0.9006211180124224,0.022701149425287358,9450.0,8204.0,466.0,780.0,0.8681481481481481,0.8755588737201365,0.9772988505747127,0.7428593348233291,35.32312133620689,101.80399804973185,86.37460317460318
2025-06-15,16860,15187,14803,384,0.9007710557532621,0.025284783038124713,9450.0,8228.0,488.0,734.0,0.8706878306878307,0.8636266407389402,0.9747152169618752,0.7329363338109766,32.475429709620066,110.74623237724843,93.98730158730159
2025-06-16,16299,14640,14255,385,0.8982146143935211,0.026297814207650275,9450.0,8222.0,465.0,763.0,0.8700529100529101,0.8691885591502473,0.9737021857923497,0.7363525753293626,33.67200956284153,106.8353198735101,90.5079365079365
2025-06-17,12648,11498,11233,265,0.9090765338393422,0.02304748651939468,9450.0,8365.0,494.0,591.0,0.8851851851851852,0.8618696951583981,0.9769525134806053,0.745331028998832,43.60161662897895,82.47220561864914,71.32063492063492
2025-06-18,14334,12903,12566,337,0.9001674340728338,0.026117957064248624,9450.0,8219.0,460.0,771.0,0.8697354497354497,0.8702267104676158,0.9738820429357514,0.7370991990843087,38.185374564054875,94.19394086871883,79.78412698412698
2025-06-19,15177,13937,13610,327,0.9182974237332806,0.023462725120183683,9450.0,8272.0,482.0,696.0,0.8753439153439153,0.8786367666021921,0.9765372748798163,0.7510639462362694,35.58762804046783,101.09042553191489,86.41269841269842
2025-06-20,13491,12031,11713,318,0.8917797049885109,0.02643171806167401,9450.0,8138.0,519.0,793.0,0.8611640211640211,0.872246661751454,0.973568281938326,0.7312933252530902,40.5433096168232,88.70238387810274,74.36825396825397
2025-06-21,14334,12839,12503,336,0.8957025254639319,0.026170262481501675,9450.0,8261.0,479.0,710.0,0.8741798941798942,0.864385667594722,0.9738297375184983,0.7358535733757635,38.576092764233984,93.25021183876044,79.38412698412698
2025-06-22,14334,13093,12702,391,0.9134226315055114,0.02986328572519667,9450.0,8209.0,501.0,740.0,0.8686772486772487,0.8850148211312786,0.9701367142748033,0.7458335775366861,37.585965477736195,95.69740528688025,80.64761904761905
2025-06-23,14334,13371,13059,312,0.932817078275429,0.02333408122055194,9450.0,8416.0,407.0,627.0,0.8905820105820106,0.8731879752851712,0.9766659187794481,0.7594998593259757,37.74153967541695,95.32557034220531,82.91428571428571
2025-06-24,15456,14183,13852,331,0.9176371635610766,0.02333779877317916,9450.0,8371.0,479.0,600.0,0.8858201058201058,0.8712411898220046,0.9766622012268208,0.7537517142327408,35.384315800606366,101.65810536375581,87.94920634920635
2025-06-25,14052,12807,12502,305,0.911400512382579,0.02381510111657687,9450.0,8339.0,432.0,679.0,0.8824338624338625,0.8626621897109966,0.9761848988834231,0.7431132650257817,39.02785406418365,92.14773953711477,79.37777777777778
2025-06-26,13491,12413,12117,296,0.9200948780668594,0.02384596793684041,9450.0,8410.0,490.0,550.0,0.8899470899470899,0.8685683709869202,0.9761540320631595,0.7545474404074579,40.61283009747845,88.5588585017836,76.93333333333334
2025-06-27,13491,12118,11807,311,0.8982284485953599,0.02566430103977554,9450.0,8241.0,509.0,700.0,0.8720634920634921,0.8726517817416979,0.9743356989602244,0.741477027891227,40.756261346756894,88.22715689843466,74.96507936507936
2025-06-28,14052,12929,12647,282,0.9200825505266155,0.021811431665248664,9450.0,8372.0,405.0,673.0,0.8859259259259259,0.8703141423793597,0.9781885683347513,0.7542165100317934,38.81458217959626,92.65886287625418,80.2984126984127
2025-06-29,15738,14049,13703,346,0.8926801372474266,0.024628087408356467,9450.0,8203.0,459.0,788.0,0.8680423280423281,0.8692968019830144,0.9753719125916436,0.7360023994502487,34.9999688234038,102.75996586614653,87.0031746031746
