week_start,planned_quantity,actual_quantity,good_quantity,scrap_quantity,production_attainment,scrap_rate,planned_production_min,runtime_min,setup_time_min,downtime_min,availability,performance,quality,oee,weighted_cycle_time_sec,actual_units_per_runtime_hour,good_units_per_planned_machine_hour
2024-12-30,72510,66138,64484,1654,0.912122465866777,0.025008315945447397,47250.0,41457.0,2355.0,3438.0,0.8773968253968254,0.8730785311688416,0.9749916840545526,0.7468790529640792,37.57659124860141,95.72038497720528,81.88444444444444
2025-01-06,100896,91248,88989,2259,0.9043767840152236,0.024756706996317726,66150.0,57945.0,3439.0,4766.0,0.8759637188208617,0.8670497598297235,0.9752432930036823,0.7407013107641891,38.064389235928466,94.48407973077919,80.7156462585034
2025-01-13,105108,94921,92528,2393,0.9030806408646345,0.025210438153833187,66150.0,57775.0,3406.0,4969.0,0.8733938019652305,0.8685265830087986,0.9747895618461668,0.7394419599081598,36.48333599519601,98.57654694937257,83.92562358276643
2025-01-20,105390,95367,92913,2454,0.9048961001992599,0.02573217150586681,66150.0,57799.0,3418.0,4933.0,0.8737566137566137,0.8698816011811047,0.9742678284941332,0.7405066843709579,36.3310371092726,98.99859859167113,84.27482993197279
2025-01-27,104547,95467,93030,2437,0.9131491099696787,0.025527145505776866,66150.0,58198.0,3216.0,4736.0,0.8797883597883598,0.8726484873477898,0.9744728544942232,0.7481476179779678,36.54317153571391,98.42296986150727,84.38095238095238
2025-02-03,102018,93145,90888,2257,0.913025152424082,0.024231037629502388,66150.0,58149.0,3258.0,4743.0,0.8790476190476191,0.8749476631870999,0.9757689623704976,0.7504840684590023,37.42250212034999,96.10999329309189,82.43809523809524
2025-02-10,102579,92092,89814,2278,0.897766599401437,0.024736133431785604,66150.0,57475.0,3360.0,5315.0,0.8688586545729403,0.8704017688850225,0.9752638665682144,0.737549257809462,37.41185115970986,96.1377990430622,81.46394557823129
2025-02-17,102018,93070,90641,2429,0.912289988041326,0.026098635435693563,66150.0,58266.0,3254.0,4630.0,0.8808163265306123,0.8715508472636986,0.9739013645643064,0.7476409139859915,37.527883926077145,95.83976933374524,82.2140589569161
2025-02-24,103143,94119,91523,2596,0.9125098164683982,0.027582103507262083,66150.0,58109.0,3311.0,4730.0,0.878442932728647,0.8732522787634732,0.9724178964927379,0.745943997929148,37.01062049108044,97.1818479065205,83.0140589569161
2025-03-03,98085,88974,86842,2132,0.9071111790793699,0.023962056331063006,66150.0,58054.0,3381.0,4715.0,0.8776114890400605,0.8664183059450398,0.976037943668937,0.7421584233374323,39.10911778721874,91.95645433561856,78.76825396825397
2025-03-10,110163,100571,98098,2473,0.9129290233562993,0.024589593421562875,66150.0,58209.0,3132.0,4809.0,0.8799546485260771,0.8710460581696988,0.9754104065784371,0.7476335711236984,34.697501745035844,103.66541256506726,88.97777777777777
2025-03-17,105669,95902,93403,2499,0.9075698643878526,0.026057850722612668,66150.0,57877.0,3351.0,4922.0,0.8749357520786092,0.8699946726103058,0.9739421492773873,0.7413544823025462,36.17684319409397,99.41980406724606,84.71927437641723
2025-03-24,107073,96955,94617,2338,0.9055037217599208,0.0241142798205353,66150.0,57582.0,3387.0,5181.0,0.8704761904761905,0.8731448195616687,0.9758857201794647,0.7417236750550874,35.60095611366098,101.0263624049182,85.82040816326531
2025-03-31,109038,99661,97241,2420,0.9140024578587281,0.024282317054815827,66150.0,58146.0,3394.0,4610.0,0.8790022675736961,0.8728877022208463,0.9757176829451841,0.7486391696364154,34.97291297498519,102.83871633474358,88.20045351473922
2025-04-07,105669,96475,94096,2379,0.9129924575798011,0.024659238144597046,66150.0,58059.0,3527.0,4564.0,0.877687074829932,0.8722585358572029,0.975340761855403,0.7466916688293855,36.07478263798912,99.70030486229525,85.34784580498867
2025-04-14,103701,93393,90891,2502,0.9005988370411085,0.026790016382384117,66150.0,58091.0,3271.0,4788.0,0.8781708238851096,0.8645299616119537,0.9732099836176159,0.7388658745782853,37.28818992858137,96.46210256321979,82.44081632653061
2025-04-21,103422,93990,91626,2364,0.9088008354121947,0.025151611873603576,66150.0,58057.0,3335.0,4758.0,0.8776568405139834,0.8724793163040919,0.9748483881263964,0.7464779092692272,37.02722284285562,97.13557366036825,83.10748299319728
2025-04-28,107634,97813,95377,2436,0.9087555976735976,0.024904665024076553,66150.0,58014.0,3297.0,4839.0,0.8770068027210884,0.8697491122832421,0.9750953349759235,0.7437792101506355,35.55370287180641,101.16144378943014,86.50975056689343
2025-05-05,107352,98203,95712,2491,0.9147756911841419,0.02536582385466839,66150.0,58237.0,3145.0,4768.0,0.8803779289493575,0.8700394651739157,0.9746341761453317,0.7465342461570321,35.550896775047605,101.17588474681044,86.81360544217686
2025-05-12,99774,90201,87906,2295,0.9040531601419207,0.02544317690491236,66150.0,58186.0,3240.0,4724.0,0.8796069538926682,0.8652072090651818,0.9745568230950876,0.7416789443493892,38.66715396725091,93.01309593372976,79.73333333333333
2025-05-19,102582,93248,90791,2457,0.9090093778635628,0.026349090597117365,66150.0,58074.0,3342.0,4734.0,0.8779138321995464,0.870855488973838,0.9736509094028827,0.7443912491904379,37.33668325326013,96.34053104659573,82.35011337868481
2025-05-26,102582,92190,89853,2337,0.8986956776042581,0.025349821021802797,66150.0,57825.0,3426.0,4899.0,0.8741496598639455,0.8640843060959793,0.9746501789781972,0.7361912937493036,37.597258824167476,95.65758754863813,81.49931972789116
2025-06-02,106230,95814,93372,2442,0.9019486020898051,0.025486880831611245,66150.0,57593.0,3453.0,5104.0,0.8706424792139078,0.8691768675591364,0.9745131191683888,0.7374553019541628,36.029938359738665,99.81838070598857,84.69115646258503
2025-06-09,106791,97126,94656,2470,0.9094961185867723,0.025430883594506105,66150.0,57781.0,3247.0,5122.0,0.8734845049130764,0.8742938855333068,0.9745691164054939,0.7442610495948341,35.660177460206334,100.85599072359426,85.85578231292517
2025-06-16,100617,90941,88582,2359,0.9038333482413509,0.025939895096821017,66150.0,57686.0,3400.0,5064.0,0.8720483749055178,0.8716257844190964,0.974060104903179,0.7403829384867014,38.02628437118572,94.58898172866901,80.34648526077098
2025-06-23,100614,91870,89687,2183,0.913093605263681,0.023761837378904974,66150.0,58352.0,3181.0,4617.0,0.8821164021164021,0.8697036091307925,0.976238162621095,0.7489502165042934,38.07431517361489,94.46462846174938,81.34875283446712
